{
	"class_name" : "PinholeCameraParameters",
	"extrinsic" : 
	[
		0.76968126145194127,
		0.034510012519567375,
		0.63749495276876345,
		0.0,
		0.040812677786255289,
		-0.99915522454564309,
		0.0048127533762884356,
		0.0,
		0.63712250085965727,
		0.022313590007996799,
		-0.77043949963594893,
		0.0,
		0.53668806320195006,
		1.4105934171642296,
		1.7007560786797631,
		1.0
	],
	"intrinsic" : 
	{
		"height" : 1025,
		"intrinsic_matrix" : 
		[
			887.67603887904966,
			0.0,
			0.0,
			0.0,
			887.67603887904966,
			0.0,
			926.0,
			512.0,
			1.0
		],
		"width" : 1853
	},
	"version_major" : 1,
	"version_minor" : 0
}